Algorithm,Train_R2,Train_RMSE,Train_MAE,Test_R2,Test_RMSE,Test_MAE,Parameters,Composite_Score,R2_Normalized,RMSE_Normalized_Inverted
Random Forest,0.9919122422114962,0.07155417527999348,0.028000000000000396,0.956022346368715,0.18704723111200208,0.08800000000000034,"max_features=1, min_samples_leaf=1, n_estimators=50",1.0,1.0,1.0
XGBoost,0.9999987817876106,0.0008781777274440664,0.0005850288607689436,0.9479117525295316,0.20356594669611056,0.07099590260586411,"colsample_bytree=0.8, learning_rate=0.3, max_depth=8, n_estimators=50, subsample=0.8",0.48400054528797914,0.4936615925114911,0.4743394980644672
K-Nearest Neighbors,0.9634641043780391,0.15208304212067913,0.0571428571428572,0.9418538365066698,0.2150779007740231,0.09523809523809532,n_neighbors=7,0.111737549183438,0.11547035121221534,0.10800474715466069
Support Vector Machine,0.9600201029674493,0.15908958459621197,0.10810720182414982,0.9401903534278816,0.2181327499626388,0.14921364947285506,"C=5.0, gamma=0.1, kernel=rbf",0.011206652354318575,0.011620326208067,0.01079297850057015
Neural Network,0.9249320219997237,0.21799587270725362,0.1588430348266978,0.9400042175457155,0.21847191591005133,0.16051976632446566,"alpha=0.0, hidden_layer_sizes=(10,), max_iter=300",0.0,0.0,0.0
