Feature,Importance
petal width (cm),61.49228406112004
petal length (cm),34.46362399072081
sepal length (cm),3.2288454430975086
sepal width (cm),0.8152465050616448
