Feature,Importance
petal width (cm),95.12882578574967
petal length (cm),4.370052234771631
sepal length (cm),0.27694811609656494
sepal width (cm),0.2241738633821372
