Variable,Values
Feature_Mean,[5.86916667 3.04083333 3.82083333 1.22416667]
Feature_Std,[0.80950559 0.43865245 1.7216221  0.73824068]
Target_Mean,1.0166666666666666
Target_Std,0.7956478841520007
