Feature,Importance
petal length (cm),48.425477855687134
petal width (cm),44.03387411005269
sepal length (cm),6.373279584855861
sepal width (cm),1.1673684494043053
