Feature,Importance
petal width (cm),64.08742311462646
petal length (cm),29.470102750199935
sepal width (cm),3.45584941399825
sepal length (cm),2.9866247211753483
