Feature,Importance
petal width (cm),47.28561549100968
petal length (cm),37.06777316735823
sepal length (cm),9.837482710926695
sepal width (cm),5.809128630705395
