Feature,Importance
petal width (cm),94.4030513048625
petal length (cm),3.6966016837265747
sepal width (cm),1.79782530833914
sepal length (cm),0.1025217030717744
