Variable,Values
Feature_Mean,[5.87019231 3.05288462 3.825      1.22115385]
Feature_Std,[0.79600925 0.4083166  1.70974301 0.73020981]
Target_Mean,1.0
Target_Std,0.7844645405527362
