Feature,Importance
petal length (cm),50.862788938999316
petal width (cm),47.762820176546214
sepal length (cm),1.3588479146241184
sepal width (cm),0.015542969830349598
