Feature,Importance
petal width (cm),56.44810781632916
petal length (cm),32.38455340076838
sepal width (cm),8.471148602406387
sepal length (cm),2.6961901804960653
