Feature,Importance
petal width (cm),74.53752078438475
petal length (cm),23.338796560147184
sepal width (cm),1.1856015587099784
sepal length (cm),0.9380810967580875
